-2.2250,-1.4750
-2.2250,-1.4750
-2.2258,-1.4724
-2.2244,-1.4725
-2.2226,-1.4723
-2.2207,-1.4720
-2.2189,-1.4718
-2.2171,-1.4716
-2.2153,-1.4715
-2.2134,-1.4715
-2.2115,-1.4716
-2.2097,-1.4716
-2.2078,-1.4716
-2.2059,-1.4717
-2.2041,-1.4718
-2.2023,-1.4721
-2.2005,-1.4725
-2.1987,-1.4729
-2.1969,-1.4732
-2.1951,-1.4736
-2.1933,-1.4740
-2.1915,-1.4748
-2.1898,-1.4754
-2.1880,-1.4760
-2.1862,-1.4767
-2.1845,-1.4775
-2.1828,-1.4783
-2.1817,-1.4746
-2.1810,-1.4699
-2.1804,-1.4652
-2.1798,-1.4605
-2.1781,-1.4548
-2.1773,-1.4500
-2.1755,-1.4442
-2.1749,-1.4393
-2.1745,-1.4346
-2.1730,-1.4288
-2.1724,-1.4238
-2.1711,-1.4180
-2.1705,-1.4130
-2.1693,-1.4072
-2.1688,-1.4022
-2.1686,-1.3974
-2.1674,-1.3914
-2.1666,-1.3892
-2.1659,-1.3853
-2.1658,-1.3805
-2.1648,-1.3745
-2.1646,-1.3696
-2.1636,-1.3637
-2.1635,-1.3588
-2.1626,-1.3527
-2.1617,-1.3507
-2.1612,-1.3465
-2.1614,-1.3417
-2.1606,-1.3357
-2.1598,-1.3337
-2.1594,-1.3297
-2.1597,-1.3250
-2.1588,-1.3190
-2.1589,-1.3142
-2.1584,-1.3083
-2.1575,-1.3058
-2.1575,-1.3011
-2.1568,-1.2954
-2.1570,-1.2904
-2.1564,-1.2844
-2.1555,-1.2821
-2.1556,-1.2774
-2.1549,-1.2715
-2.1541,-1.2693
-2.1540,-1.2649
-2.1544,-1.2602
-2.1539,-1.2541
-2.1531,-1.2521
-2.1530,-1.2481
-2.1535,-1.2434
-2.1532,-1.2374
-2.1525,-1.2349
-2.1507,-1.2353
-2.1506,-1.2312
-2.1510,-1.2265
-2.1516,-1.2218
-2.1512,-1.2158
-2.1514,-1.2109
-2.1511,-1.2048
-2.1504,-1.2025
-2.1504,-1.1983
-2.1501,-1.1923
-2.1494,-1.1902
-2.1494,-1.1862
-2.1500,-1.1814
-2.1498,-1.1754
-2.1491,-1.1733
-2.1491,-1.1692
-2.1489,-1.1632
-2.1482,-1.1610
-2.1483,-1.1569
-2.1489,-1.1522
-2.1488,-1.1462
-2.1482,-1.1440
-2.1462,-1.1445
-2.1460,-1.1404
-2.1466,-1.1357
-2.1473,-1.1310
-2.1470,-1.1250
-2.1464,-1.1228
-2.1465,-1.1181
-2.1472,-1.1135
-2.1470,-1.1075
-2.1462,-1.1052
-2.1465,-1.1007
-2.1464,-1.0946
-2.1458,-1.0926
-2.1459,-1.0886
-2.1467,-1.0840
-2.1466,-1.0780
-2.1458,-1.0757
-2.1439,-1.0761
-2.1440,-1.0721
-2.1447,-1.0675
-2.1454,-1.0629
-2.1452,-1.0570
-2.1446,-1.0548
-2.1448,-1.0507
-2.1457,-1.0461
-2.1456,-1.0400
-2.1450,-1.0379
-2.1432,-1.0383
-2.1432,-1.0343
-2.1439,-1.0297
-2.1447,-1.0250
-2.1446,-1.0189
-2.1441,-1.0168
-2.1443,-1.0129
-2.1443,-1.0068
-2.1436,-1.0048
-2.1438,-1.0007
-2.1447,-0.9960
-2.1447,-0.9901
-2.1441,-0.9880
-2.1423,-0.9885
-2.1425,-0.9839
-2.1434,-0.9792
-2.1442,-0.9745
-2.1441,-0.9685
-2.1436,-0.9664
-2.1438,-0.9624
-2.1439,-0.9564
-2.1434,-0.9542
-2.1436,-0.9504
-2.1436,-0.9444
-2.1430,-0.9417
-2.1435,-0.9373
-2.1436,-0.9312
-2.1429,-0.9290
-2.1431,-0.9251
-2.1431,-0.9191
-2.1424,-0.9169
-2.1426,-0.9130
-2.1435,-0.9083
-2.1434,-0.9024
-2.1429,-0.9002
-2.1411,-0.9006
-2.1411,-0.8967
-2.1418,-0.8921
-2.1427,-0.8874
-2.1427,-0.8814
-2.1420,-0.8792
-2.1425,-0.8747
-2.1425,-0.8686
-2.1420,-0.8664
-2.1422,-0.8626
-2.1421,-0.8565
-2.1415,-0.8543
-2.1417,-0.8503
-2.1427,-0.8457
-2.1428,-0.8396
-2.1426,-0.8369
-2.1408,-0.8372
-2.1409,-0.8336
-2.1418,-0.8289
-2.1427,-0.8243
-2.1429,-0.8182
-2.1424,-0.8160
-2.1406,-0.8164
-2.1406,-0.8122
-2.1415,-0.8075
-2.1424,-0.8028
-2.1425,-0.7968
-2.1421,-0.7940
-2.1402,-0.7943
-2.1405,-0.7900
-2.1415,-0.7854
-2.1424,-0.7807
-2.1424,-0.7746
-2.1418,-0.7724
-2.1400,-0.7728
-2.1406,-0.7682
-2.1415,-0.7635
-2.1424,-0.7589
-2.1427,-0.7529
-2.1421,-0.7506
-2.1402,-0.7509
-2.1403,-0.7468
-2.1411,-0.7422
-2.1420,-0.7376
-2.1422,-0.7316
-2.1416,-0.7294
-2.1398,-0.7298
-2.1402,-0.7252
-2.1411,-0.7206
-2.1420,-0.7159
-2.1422,-0.7099
-2.1415,-0.7076
-2.1397,-0.7079
-2.1397,-0.7035
-2.1406,-0.6989
-2.1415,-0.6942
-2.1417,-0.6882
-2.1410,-0.6859
-2.1416,-0.6813
-2.1419,-0.6753
-2.1414,-0.6731
-2.1395,-0.6735
-2.1400,-0.6690
-2.1409,-0.6644
-2.1419,-0.6597
-2.1419,-0.6538
-2.1414,-0.6515
-2.1395,-0.6518
-2.1395,-0.6477
-2.1404,-0.6430
-2.1413,-0.6384
-2.1414,-0.6324
-2.1409,-0.6302
-2.1412,-0.6262
-2.1414,-0.6201
-2.1408,-0.6179
-2.1413,-0.6139
-2.1415,-0.6078
-2.1408,-0.6056
-2.1413,-0.6015
-2.1414,-0.5954
-2.1409,-0.5932
-2.1413,-0.5894
-2.1414,-0.5833
-2.1409,-0.5811
-2.1411,-0.5771
-2.1421,-0.5725
-2.1422,-0.5666
-2.1417,-0.5643
-2.1399,-0.5645
-2.1403,-0.5600
-2.1412,-0.5553
-2.1421,-0.5506
-2.1423,-0.5445
-2.1418,-0.5424
-2.1401,-0.5427
-2.1403,-0.5389
-2.1412,-0.5343
-2.1421,-0.5297
-2.1422,-0.5237
-2.1417,-0.5215
-2.1398,-0.5219
-2.1402,-0.5174
-2.1411,-0.5128
-2.1420,-0.5081
-2.1423,-0.5022
-2.1417,-0.4999
-2.1397,-0.5004
-2.1402,-0.4958
-2.1410,-0.4911
-2.1420,-0.4864
-2.1421,-0.4804
-2.1416,-0.4783
-2.1398,-0.4787
-2.1402,-0.4741
-2.1410,-0.4695
-2.1420,-0.4649
-2.1421,-0.4589
-2.1414,-0.4568
-2.1395,-0.4571
-2.1401,-0.4525
-2.1410,-0.4479
-2.1419,-0.4433
-2.1421,-0.4373
-2.1416,-0.4351
-2.1398,-0.4354
-2.1401,-0.4309
-2.1410,-0.4263
-2.1419,-0.4217
-2.1420,-0.4156
-2.1416,-0.4133
-2.1398,-0.4136
-2.1402,-0.4090
-2.1411,-0.4043
-2.1412,-0.3982
-2.1407,-0.3961
-2.1410,-0.3922
-2.1419,-0.3876
-2.1420,-0.3817
-2.1415,-0.3795
-2.1397,-0.3798
-2.1401,-0.3756
-2.1410,-0.3709
-2.1420,-0.3663
-2.1420,-0.3603
-2.1415,-0.3582
-2.1396,-0.3586
-2.1399,-0.3548
-2.1407,-0.3500
-2.1417,-0.3454
-2.1418,-0.3394
-2.1413,-0.3372
-2.1416,-0.3332
-2.1417,-0.3271
-2.1412,-0.3250
-2.1416,-0.3209
-2.1417,-0.3148
-2.1410,-0.3125
-2.1413,-0.3086
-2.1413,-0.3027
-2.1407,-0.3005
-2.1409,-0.2964
-2.1418,-0.2918
-2.1421,-0.2857
-2.1416,-0.2836
-2.1398,-0.2839
-2.1400,-0.2794
-2.1408,-0.2748
-2.1418,-0.2701
-2.1421,-0.2642
-2.1418,-0.2615
-2.1399,-0.2619
-2.1404,-0.2573
-2.1413,-0.2527
-2.1415,-0.2466
-2.1409,-0.2444
-2.1412,-0.2404
-2.1414,-0.2344
-2.1407,-0.2321
-2.1411,-0.2280
-2.1411,-0.2220
-2.1407,-0.2197
-2.1411,-0.2156
-2.1413,-0.2097
-2.1407,-0.2074
-2.1412,-0.2028
-2.1413,-0.1968
-2.1408,-0.1947
-2.1412,-0.1907
-2.1414,-0.1846
-2.1409,-0.1824
-2.1410,-0.1784
-2.1419,-0.1738
-2.1421,-0.1678
-2.1416,-0.1653
-2.1399,-0.1656
-2.1401,-0.1615
-2.1410,-0.1569
-2.1420,-0.1523
-2.1422,-0.1463
-2.1417,-0.1443
-2.1398,-0.1447
-2.1399,-0.1410
-2.1408,-0.1364
-2.1417,-0.1317
-2.1419,-0.1256
-2.1414,-0.1232
-2.1395,-0.1235
-2.1397,-0.1194
-2.1405,-0.1147
-2.1414,-0.1100
-2.1416,-0.1040
-2.1410,-0.1018
-2.1413,-0.0979
-2.1416,-0.0920
-2.1409,-0.0898
-2.1414,-0.0852
-2.1416,-0.0792
-2.1411,-0.0770
-2.1414,-0.0730
-2.1414,-0.0670
-2.1408,-0.0647
-2.1410,-0.0608
-2.1420,-0.0562
-2.1421,-0.0501
-2.1416,-0.0479
-2.1398,-0.0483
-2.1403,-0.0439
-2.1412,-0.0392
-2.1421,-0.0346
-2.1424,-0.0286
-2.1419,-0.0259
-2.1401,-0.0261
-2.1404,-0.0218
-2.1413,-0.0172
-2.1415,-0.0111
-2.1410,-0.0090
-2.1412,-0.0051
-2.1421,-0.0005
-2.1424,0.0055
-2.1418,0.0077
-2.1399,0.0073
-2.1400,0.0111
-2.1409,0.0158
-2.1418,0.0204
-2.1421,0.0264
-2.1413,0.0285
-2.1417,0.0325
-2.1420,0.0383
-2.1414,0.0407
-2.1418,0.0446
-2.1419,0.0508
-2.1415,0.0531
-2.1419,0.0573
-2.1420,0.0634
-2.1414,0.0656
-2.1415,0.0696
-2.1415,0.0756
-2.1409,0.0778
-2.1410,0.0817
-2.1419,0.0864
-2.1421,0.0924
-2.1415,0.0946
-2.1397,0.0943
-2.1404,0.0989
-2.1413,0.1035
-2.1422,0.1082
-2.1424,0.1141
-2.1419,0.1164
-2.1401,0.1160
-2.1403,0.1203
-2.1412,0.1249
-2.1421,0.1295
-2.1425,0.1354
-2.1419,0.1380
-2.1401,0.1376
-2.1402,0.1420
-2.1411,0.1467
-2.1421,0.1514
-2.1423,0.1574
-2.1418,0.1596
-2.1399,0.1592
-2.1403,0.1639
-2.1412,0.1685
-2.1414,0.1745
-2.1408,0.1766
-2.1407,0.1805
-2.1416,0.1851
-2.1416,0.1911
-2.1411,0.1933
-2.1413,0.1975
-2.1415,0.2033
-2.1411,0.2060
-2.1417,0.2106
-2.1418,0.2164
-2.1413,0.2187
-2.1395,0.2183
-2.1397,0.2227
-2.1406,0.2273
-2.1416,0.2320
-2.1418,0.2381
-2.1413,0.2403
-2.1395,0.2399
-2.1398,0.2443
-2.1407,0.2489
-2.1416,0.2536
-2.1418,0.2597
-2.1412,0.2620
-2.1393,0.2616
-2.1395,0.2659
-2.1404,0.2704
-2.1414,0.2750
-2.1417,0.2809
-2.1412,0.2833
-2.1394,0.2830
-2.1398,0.2875
-2.1407,0.2922
-2.1417,0.2969
-2.1418,0.3028
-2.1412,0.3050
-2.1393,0.3046
-2.1396,0.3088
-2.1405,0.3134
-2.1414,0.3180
-2.1417,0.3241
-2.1412,0.3262
-2.1393,0.3259
-2.1398,0.3301
-2.1406,0.3348
-2.1416,0.3394
-2.1419,0.3454
-2.1415,0.3481
-2.1398,0.3478
-2.1403,0.3523
-2.1412,0.3568
-2.1414,0.3629
-2.1408,0.3651
-2.1412,0.3691
-2.1414,0.3752
-2.1409,0.3773
-2.1410,0.3813
-2.1420,0.3859
-2.1421,0.3918
-2.1417,0.3942
-2.1399,0.3939
-2.1401,0.3983
-2.1410,0.4030
-2.1420,0.4076
-2.1421,0.4135
-2.1416,0.4157
-2.1398,0.4153
-2.1402,0.4198
-2.1412,0.4246
-2.1414,0.4306
-2.1408,0.4329
-2.1413,0.4371
-2.1414,0.4431
-2.1409,0.4455
-2.1412,0.4496
-2.1413,0.4557
-2.1409,0.4580
-2.1412,0.4621
-2.1422,0.4667
-2.1424,0.4727
-2.1418,0.4751
-2.1400,0.4747
-2.1403,0.4788
-2.1412,0.4835
-2.1421,0.4881
-2.1422,0.4941
-2.1416,0.4963
-2.1398,0.4958
-2.1403,0.5003
-2.1412,0.5049
-2.1421,0.5095
-2.1425,0.5155
-2.1421,0.5179
-2.1402,0.5174
-2.1402,0.5213
-2.1411,0.5259
-2.1420,0.5306
-2.1421,0.5366
-2.1416,0.5389
-2.1398,0.5385
-2.1400,0.5421
-2.1408,0.5467
-2.1417,0.5514
-2.1418,0.5574
-2.1414,0.5601
-2.1419,0.5643
-2.1421,0.5703
-2.1415,0.5725
-2.1420,0.5772
-2.1421,0.5832
-2.1416,0.5853
-2.1420,0.5894
-2.1420,0.5953
-2.1415,0.5973
-2.1417,0.6015
-2.1419,0.6075
-2.1413,0.6096
-2.1417,0.6137
-2.1417,0.6198
-2.1411,0.6220
-2.1413,0.6260
-2.1422,0.6306
-2.1423,0.6366
-2.1418,0.6389
-2.1400,0.6386
-2.1404,0.6429
-2.1413,0.6475
-2.1422,0.6522
-2.1425,0.6582
-2.1421,0.6603
-2.1402,0.6599
-2.1403,0.6636
-2.1411,0.6683
-2.1420,0.6729
-2.1422,0.6790
-2.1417,0.6811
-2.1399,0.6807
-2.1402,0.6848
-2.1410,0.6894
-2.1419,0.6940
-2.1421,0.7001
-2.1415,0.7023
-2.1418,0.7063
-2.1418,0.7122
-2.1412,0.7144
-2.1414,0.7183
-2.1424,0.7229
-2.1425,0.7288
-2.1420,0.7312
-2.1402,0.7307
-2.1403,0.7348
-2.1412,0.7394
-2.1421,0.7440
-2.1422,0.7501
-2.1416,0.7522
-2.1398,0.7518
-2.1405,0.7563
-2.1413,0.7609
-2.1423,0.7656
-2.1424,0.7716
-2.1417,0.7739
-2.1399,0.7736
-2.1402,0.7779
-2.1410,0.7826
-2.1419,0.7872
-2.1421,0.7933
-2.1415,0.7955
-2.1397,0.7950
-2.1400,0.7995
-2.1408,0.8041
-2.1418,0.8087
-2.1419,0.8149
-2.1414,0.8170
-2.1396,0.8165
-2.1400,0.8209
-2.1409,0.8255
-2.1418,0.8302
-2.1420,0.8361
-2.1416,0.8386
-2.1397,0.8383
-2.1400,0.8429
-2.1408,0.8475
-2.1418,0.8522
-2.1420,0.8581
-2.1415,0.8607
-2.1397,0.8603
-2.1403,0.8650
-2.1412,0.8696
-2.1413,0.8757
-2.1408,0.8779
-2.1412,0.8818
-2.1414,0.8879
-2.1411,0.8903
-2.1415,0.8943
-2.1415,0.9003
-2.1413,0.9029
-2.1417,0.9072
-2.1419,0.9131
-2.1415,0.9157
-2.1420,0.9201
-2.1422,0.9262
-2.1417,0.9283
-2.1420,0.9323
-2.1420,0.9382
-2.1415,0.9404
-2.1418,0.9445
-2.1419,0.9505
-2.1413,0.9526
-2.1415,0.9564
-2.1417,0.9625
-2.1412,0.9647
-2.1414,0.9688
-2.1423,0.9735
-2.1424,0.9795
-2.1419,0.9817
-2.1402,0.9814
-2.1408,0.9861
-2.1417,0.9907
-2.1417,0.9966
-2.1412,0.9987
-2.1413,1.0025
-2.1422,1.0071
-2.1424,1.0131
-2.1419,1.0157
-2.1401,1.0154
-2.1403,1.0192
-2.1410,1.0240
-2.1419,1.0286
-2.1420,1.0345
-2.1415,1.0367
-2.1421,1.0414
-2.1422,1.0474
-2.1417,1.0495
-2.1419,1.0534
-2.1421,1.0594
-2.1417,1.0621
-2.1422,1.0665
-2.1423,1.0725
-2.1418,1.0747
-2.1399,1.0744
-2.1402,1.0788
-2.1411,1.0834
-2.1420,1.0880
-2.1421,1.0941
-2.1414,1.0962
-2.1419,1.1002
-2.1420,1.1063
-2.1416,1.1087
-2.1421,1.1134
-2.1423,1.1194
-2.1418,1.1215
-2.1400,1.1213
-2.1405,1.1259
-2.1414,1.1306
-2.1423,1.1353
-2.1425,1.1413
-2.1420,1.1435
-2.1402,1.1432
-2.1404,1.1471
-2.1413,1.1518
-2.1422,1.1564
-2.1424,1.1624
-2.1419,1.1647
-2.1401,1.1644
-2.1403,1.1685
-2.1411,1.1731
-2.1420,1.1778
-2.1422,1.1838
-2.1417,1.1864
-2.1399,1.1862
-2.1400,1.1898
-2.1409,1.1945
-2.1418,1.1991
-2.1419,1.2052
-2.1414,1.2073
-2.1416,1.2113
-2.1417,1.2172
-2.1410,1.2196
-2.1417,1.2242
-2.1417,1.2302
-2.1411,1.2324
-2.1412,1.2363
-2.1422,1.2410
-2.1424,1.2470
-2.1418,1.2492
-2.1399,1.2490
-2.1398,1.2530
-2.1407,1.2576
-2.1417,1.2623
-2.1416,1.2682
-2.1411,1.2703
-2.1413,1.2742
-2.1414,1.2801
-2.1409,1.2823
-2.1411,1.2862
-2.1413,1.2922
-2.1407,1.2944
-2.1407,1.2984
-2.1417,1.3030
-2.1419,1.3090
-2.1413,1.3115
-2.1394,1.3113
-2.1398,1.3158
-2.1407,1.3204
-2.1416,1.3250
-2.1417,1.3311
-2.1412,1.3334
-2.1394,1.3332
-2.1399,1.3377
-2.1408,1.3423
-2.1409,1.3483
-2.1404,1.3505
-2.1406,1.3545
-2.1416,1.3591
-2.1417,1.3651
-2.1412,1.3673
-2.1394,1.3671
-2.1400,1.3717
-2.1410,1.3762
-2.1411,1.3823
-2.1406,1.3845
-2.1408,1.3885
-2.1417,1.3931
-2.1419,1.3991
-2.1414,1.4013
-2.1396,1.4012
-2.1397,1.4052
-2.1406,1.4098
-2.1416,1.4145
-2.1417,1.4205
-2.1413,1.4229
-2.1395,1.4227
-2.1396,1.4268
-2.1404,1.4313
-2.1414,1.4360
-2.1416,1.4421
-2.1410,1.4442
-2.1415,1.4487
-2.1416,1.4547
-2.1411,1.4568
-2.1414,1.4607
-2.1416,1.4667
-2.1412,1.4689
-2.1415,1.4727
-2.1416,1.4787
-2.1411,1.4809
-2.1414,1.4849
-2.1417,1.4908
-2.1411,1.4932
-2.1413,1.4971
-2.1423,1.5017
-2.1424,1.5077
-2.1420,1.5099
-2.1402,1.5096
-2.1406,1.5139
-2.1415,1.5186
-2.1416,1.5246
-2.1411,1.5270
-2.1413,1.5310
-2.1415,1.5370
-2.1408,1.5393
-2.1411,1.5432
-2.1421,1.5478
-2.1421,1.5539
-2.1417,1.5562
-2.1399,1.5559
-2.1404,1.5605
-2.1413,1.5651
-2.1414,1.5713
-2.1411,1.5739
-2.1418,1.5783
-2.1419,1.5844
-2.1415,1.5866
-2.1397,1.5864
-2.1399,1.5904
-2.1408,1.5950
-2.1417,1.5997
-2.1417,1.6056
-2.1411,1.6078
-2.1413,1.6118
-2.1413,1.6177
-2.1408,1.6199
-2.1410,1.6238
-2.1420,1.6285
-2.1422,1.6345
-2.1417,1.6366
-2.1398,1.6363
-2.1401,1.6406
-2.1410,1.6452
-2.1420,1.6499
-2.1422,1.6560
-2.1418,1.6584
-2.1399,1.6580
-2.1402,1.6620
-2.1411,1.6666
-2.1420,1.6713
-2.1422,1.6773
-2.1418,1.6794
-2.1401,1.6792
-2.1402,1.6831
-2.1411,1.6878
-2.1421,1.6924
-2.1422,1.6985
-2.1415,1.7007
-2.1397,1.7005
-2.1400,1.7048
-2.1409,1.7095
-2.1418,1.7141
-2.1420,1.7200
-2.1414,1.7223
-2.1396,1.7220
-2.1397,1.7262
-2.1406,1.7308
-2.1415,1.7355
-2.1417,1.7416
-2.1412,1.7439
-2.1395,1.7436
-2.1398,1.7478
-2.1407,1.7524
-2.1416,1.7571
-2.1417,1.7630
-2.1411,1.7652
-2.1393,1.7648
-2.1397,1.7688
-2.1406,1.7733
-2.1408,1.7792
-2.1403,1.7818
-2.1384,1.7815
-2.1388,1.7860
-2.1396,1.7906
-2.1399,1.7966
-2.1393,1.7991
-2.1375,1.7989
-2.1376,1.8029
-2.1373,1.8088
-2.1366,1.8111
-2.1348,1.8108
-2.1350,1.8152
-2.1356,1.8198
-2.1354,1.8258
-2.1348,1.8280
-2.1329,1.8277
-2.1311,1.8273
-2.1311,1.8316
-2.1305,1.8375
-2.1297,1.8397
-2.1280,1.8393
-2.1261,1.8388
-2.1244,1.8382
-2.1239,1.8420
-2.1238,1.8468
-2.1229,1.8527
-2.1220,1.8552
-2.1203,1.8545
-2.1187,1.8538
-2.1171,1.8530
-2.1162,1.8568
-2.1146,1.8625
-2.1134,1.8644
-2.1118,1.8636
-2.1102,1.8627
-2.1090,1.8667
-2.1071,1.8724
-2.1058,1.8742
-2.1042,1.8731
-2.1026,1.8720
-2.1012,1.8761
-2.0989,1.8817
-2.0976,1.8839
-2.0961,1.8828
-2.0946,1.8818
-2.0929,1.8859
-2.0904,1.8913
-2.0890,1.8930
-2.0876,1.8919
-2.0860,1.8909
-2.0846,1.8897
-2.0833,1.8885
-2.0820,1.8871
-2.0799,1.8908
-2.0766,1.8959
-2.0750,1.8974
-2.0737,1.8961
-2.0724,1.8946
-2.0723,1.8949
-2.0722,1.8950
-2.0722,1.8951
-2.0722,1.8952
-2.0722,1.8952
-2.0718,1.8967
-2.0713,1.8987
-2.0707,1.9008
-2.0703,1.9020
-2.0699,1.9033
-2.0695,1.9045
-2.0691,1.9057
-2.0687,1.9069
-2.0682,1.9081
-2.0678,1.9092
-2.0675,1.9098
-2.0673,1.9103
-2.0671,1.9108
-2.0670,1.9111
-2.0663,1.9127
-2.0656,1.9143
-2.0649,1.9158
-2.0643,1.9172
-2.0636,1.9186
-2.0629,1.9198
-2.0619,1.9217
-2.0611,1.9231
-2.0604,1.9242
-2.0596,1.9256
-2.0588,1.9269
-2.0584,1.9275
-2.0581,1.9280
-2.0578,1.9284
-2.0567,1.9301
-2.0557,1.9315
-2.0549,1.9327
-2.0539,1.9340
-2.0528,1.9353
-2.0518,1.9366
-2.0513,1.9372
-2.0510,1.9377
-2.0500,1.9388
-2.0488,1.9401
-2.0479,1.9412
-2.0471,1.9421
-2.0462,1.9429
-2.0454,1.9438
-2.0446,1.9446
-2.0438,1.9454
-2.0432,1.9460
-2.0430,1.9462
-2.0414,1.9477
-2.0401,1.9488
-2.0390,1.9498
-2.0377,1.9510
-2.0364,1.9520
-2.0344,1.9536
-2.0327,1.9548
-2.0310,1.9561
-2.0293,1.9573
-2.0276,1.9584
-2.0253,1.9598
-2.0231,1.9611
-2.0218,1.9619
-2.0212,1.9622
-2.0184,1.9637
-2.0161,1.9648
-2.0143,1.9657
-2.0116,1.9669
-2.0087,1.9681
-2.0057,1.9692
-2.0027,1.9702
-1.9998,1.9711
-1.9963,1.9720
-1.9933,1.9727
-1.9900,1.9734
-1.9870,1.9739
-1.9858,1.9751
-1.9795,1.9750
-1.9754,1.9751
-1.9742,1.9762
-1.9687,1.9763
-1.9627,1.9761
-1.9566,1.9760
-1.9505,1.9758
-1.9444,1.9757
-1.9383,1.9755
-1.9322,1.9753
-1.9261,1.9752
-1.9200,1.9750
-1.9139,1.9748
-1.9078,1.9747
-1.9017,1.9746
-1.8956,1.9745
-1.8895,1.9743
-1.8834,1.9742
-1.8773,1.9740
-1.8712,1.9738
-1.8651,1.9737
-1.8590,1.9735
-1.8529,1.9733
-1.8468,1.9732
-1.8407,1.9730
-1.8345,1.9728
-1.8285,1.9726
-1.8223,1.9725
-1.8162,1.9723
-1.8101,1.9721
-1.8040,1.9719
-1.7979,1.9717
-1.7918,1.9716
-1.7857,1.9714
-1.7796,1.9712
-1.7735,1.9710
-1.7674,1.9709
-1.7613,1.9707
-1.7551,1.9705
-1.7490,1.9703
-1.7429,1.9702
-1.7368,1.9700
-1.7307,1.9698
-1.7246,1.9697
-1.7185,1.9695
-1.7124,1.9693
-1.7062,1.9691
-1.7001,1.9690
-1.6940,1.9688
-1.6927,1.9687
-1.6963,1.9675
-1.7002,1.9663
-1.7041,1.9651
-1.7080,1.9641
-1.7119,1.9631
-1.7158,1.9621
-1.7199,1.9613
-1.7238,1.9605
-1.7278,1.9599
-1.7319,1.9594
-1.7359,1.9590
-1.7399,1.9587
-1.7440,1.9584
-1.7480,1.9583
-1.7520,1.9583
-1.7561,1.9584
-1.7601,1.9586
-1.7642,1.9589
-1.7682,1.9593
-1.7721,1.9598
-1.7762,1.9603
-1.7801,1.9610
-1.7841,1.9618
-1.7881,1.9626
-1.7920,1.9636
-1.7959,1.9646
-1.7998,1.9658
-1.8036,1.9670
-1.8074,1.9684
-1.8112,1.9698
-1.8150,1.9714
-1.8187,1.9730
-1.8224,1.9747
-1.8259,1.9764
-1.8295,1.9783
-1.8331,1.9802
-1.8366,1.9823
-1.8400,1.9844
-1.8434,1.9866
-1.8410,1.9838
-1.8367,1.9793
-1.8331,1.9745
-1.8312,1.9732
-1.8296,1.9741
-1.8280,1.9751
-1.8263,1.9762
-1.8247,1.9772
-1.8231,1.9782
-1.8215,1.9792
-1.8200,1.9803
-1.8186,1.9815
-1.8171,1.9827
-1.8156,1.9839
-1.8142,1.9852
-1.8129,1.9865
-1.8116,1.9879
-1.8104,1.9893
-1.8092,1.9908
-1.8080,1.9923
-1.8069,1.9938
-1.8059,1.9953
-1.8049,1.9968
-1.8038,1.9984
-1.8028,2.0000
-1.8020,2.0017
-1.8011,2.0034
-1.8003,2.0052
-1.7995,2.0069
-1.7988,2.0087
-1.7981,2.0105
-1.7974,2.0123
-1.7970,2.0141
-1.7966,2.0159
-1.7903,2.0160
-1.7843,2.0158
-1.7782,2.0157
-1.7721,2.0155
-1.7660,2.0153
-1.7599,2.0152
-1.7538,2.0150
-1.7477,2.0148
-1.7416,2.0146
-1.7355,2.0145
-1.7293,2.0143
-1.7232,2.0141
-1.7171,2.0140
-1.7110,2.0138
-1.7049,2.0136
-1.6988,2.0135
-1.6927,2.0133
-1.6911,2.0133
-1.6947,2.0122
-1.6985,2.0110
-1.7024,2.0098
-1.7063,2.0088
-1.7102,2.0079
-1.7142,2.0070
-1.7181,2.0061
-1.7221,2.0054
-1.7261,2.0048
-1.7301,2.0043
-1.7342,2.0039
-1.7382,2.0035
-1.7422,2.0033
-1.7463,2.0033
-1.7504,2.0034
-1.7545,2.0035
-1.7585,2.0038
-1.7626,2.0042
-1.7666,2.0046
-1.7707,2.0051
-1.7747,2.0058
-1.7787,2.0065
-1.7827,2.0073
-1.7867,2.0082
-1.7906,2.0091
-1.7946,2.0102
-1.7984,2.0113
-1.8023,2.0126
-1.8061,2.0139
-1.8099,2.0153
-1.8137,2.0167
-1.8174,2.0183
-1.8211,2.0199
-1.8248,2.0217
-1.8284,2.0235
-1.8319,2.0254
-1.8354,2.0275
-1.8389,2.0296
-1.8423,2.0318
-1.8398,2.0290
-1.8358,2.0234
-1.8338,2.0216
-1.8322,2.0226
-1.8306,2.0235
-1.8289,2.0243
-1.8273,2.0253
-1.8256,2.0263
-1.8241,2.0273
-1.8227,2.0285
-1.8213,2.0297
-1.8199,2.0309
-1.8186,2.0321
-1.8173,2.0334
-1.8161,2.0347
-1.8149,2.0360
-1.8137,2.0374
-1.8126,2.0388
-1.8115,2.0402
-1.8104,2.0417
-1.8094,2.0431
-1.8085,2.0447
-1.8074,2.0463
-1.8064,2.0479
-1.8054,2.0495
-1.8046,2.0511
-1.8038,2.0528
-1.8031,2.0546
-1.8023,2.0564
-1.8016,2.0582
-1.8009,2.0599
-1.8005,2.0616
-1.8001,2.0634
-1.7950,2.0636
-1.7889,2.0633
-1.7828,2.0630
-1.7767,2.0628
-1.7706,2.0625
-1.7645,2.0622
-1.7584,2.0620
-1.7523,2.0617
-1.7462,2.0614
-1.7401,2.0612
-1.7340,2.0609
-1.7279,2.0606
-1.7218,2.0603
-1.7157,2.0601
-1.7096,2.0598
-1.7035,2.0595
-1.6973,2.0592
-1.6959,2.0591
-1.6995,2.0581
-1.7035,2.0569
-1.7074,2.0557
-1.7113,2.0547
-1.7152,2.0538
-1.7192,2.0530
-1.7232,2.0522
-1.7271,2.0516
-1.7312,2.0511
-1.7352,2.0506
-1.7392,2.0503
-1.7432,2.0500
-1.7473,2.0500
-1.7514,2.0500
-1.7555,2.0501
-1.7595,2.0502
-1.7636,2.0505
-1.7676,2.0508
-1.7716,2.0513
-1.7756,2.0518
-1.7796,2.0525
-1.7836,2.0532
-1.7876,2.0540
-1.7915,2.0550
-1.7954,2.0560
-1.7994,2.0572
-1.8033,2.0584
-1.8071,2.0597
-1.8109,2.0611
-1.8147,2.0626
-1.8184,2.0642
-1.8221,2.0659
-1.8257,2.0676
-1.8293,2.0695
-1.8328,2.0714
-1.8364,2.0735
-1.8398,2.0756
-1.8432,2.0778
-1.8466,2.0800
-1.8451,2.0770
-1.8418,2.0735
-1.8403,2.0743
-1.8386,2.0751
-1.8368,2.0759
-1.8351,2.0768
-1.8335,2.0778
-1.8320,2.0789
-1.8304,2.0800
-1.8289,2.0811
-1.8274,2.0822
-1.8259,2.0834
-1.8246,2.0846
-1.8233,2.0859
-1.8220,2.0871
-1.8207,2.0884
-1.8193,2.0897
-1.8180,2.0911
-1.8167,2.0925
-1.8154,2.0940
-1.8143,2.0955
-1.8134,2.0970
-1.8123,2.0985
-1.8113,2.1001
-1.8105,2.1018
-1.8099,2.1035
-1.8092,2.1052
-1.8085,2.1068
-1.8078,2.1087
-1.8070,2.1104
-1.8063,2.1122
-1.8057,2.1140
-1.7999,2.1140
-1.7938,2.1135
-1.7878,2.1130
-1.7817,2.1126
-1.7756,2.1121
-1.7695,2.1116
-1.7634,2.1111
-1.7573,2.1107
-1.7512,2.1102
-1.7451,2.1097
-1.7390,2.1092
-1.7329,2.1087
-1.7315,2.1084
-1.7352,2.1075
-1.7390,2.1064
-1.7430,2.1055
-1.7469,2.1046
-1.7509,2.1038
-1.7549,2.1031
-1.7589,2.1025
-1.7629,2.1020
-1.7669,2.1016
-1.7710,2.1013
-1.7750,2.1010
-1.7790,2.1009
-1.7831,2.1009
-1.7871,2.1010
-1.7912,2.1012
-1.7952,2.1015
-1.7992,2.1019
-1.8032,2.1024
-1.8072,2.1029
-1.8112,2.1036
-1.8152,2.1044
-1.8191,2.1053
-1.8230,2.1062
-1.8269,2.1073
-1.8308,2.1084
-1.8347,2.1097
-1.8385,2.1110
-1.8423,2.1125
-1.8460,2.1140
-1.8497,2.1156
-1.8534,2.1173
-1.8570,2.1191
-1.8606,2.1210
-1.8642,2.1231
-1.8677,2.1252
-1.8710,2.1275
-1.8744,2.1297
-1.8777,2.1322
-1.8810,2.1345
-1.8797,2.1314
-1.8762,2.1281
-1.8746,2.1290
-1.8730,2.1298
-1.8714,2.1306
-1.8698,2.1315
-1.8681,2.1324
-1.8666,2.1334
-1.8651,2.1345
-1.8636,2.1355
-1.8621,2.1366
-1.8606,2.1377
-1.8591,2.1389
-1.8578,2.1402
-1.8563,2.1414
-1.8550,2.1427
-1.8537,2.1441
-1.8524,2.1454
-1.8513,2.1469
-1.8502,2.1483
-1.8490,2.1498
-1.8479,2.1513
-1.8467,2.1528
-1.8456,2.1544
-1.8447,2.1560
-1.8439,2.1576
-1.8429,2.1593
-1.8420,2.1610
-1.8412,2.1627
-1.8405,2.1645
-1.8399,2.1662
-1.8393,2.1681
-1.8355,2.1673
-1.8313,2.1658
-1.8252,2.1649
-1.8228,2.1653
-1.8193,2.1645
-1.8133,2.1636
-1.8110,2.1641
-1.8070,2.1631
-1.8028,2.1616
-1.7969,2.1606
-1.7944,2.1611
-1.7904,2.1600
-1.7843,2.1590
-1.7819,2.1594
-1.7781,2.1587
-1.7739,2.1571
-1.7698,2.1555
-1.7656,2.1538
-1.7615,2.1520
-1.7575,2.1502
-1.7534,2.1483
-1.7494,2.1464
-1.7455,2.1444
-1.7415,2.1423
-1.7376,2.1401
-1.7337,2.1380
-1.7299,2.1357
-1.7242,2.1338
-1.7201,2.1315
-1.7163,2.1291
-1.7125,2.1267
-1.7088,2.1242
-1.7032,2.1219
-1.6992,2.1194
-1.6955,2.1168
-1.6919,2.1141
-1.6865,2.1114
-1.6810,2.1089
-1.6793,2.1086
-1.6829,2.1090
-1.6869,2.1093
-1.6909,2.1098
-1.6949,2.1103
-1.6989,2.1109
-1.7029,2.1116
-1.7069,2.1125
-1.7108,2.1134
-1.7147,2.1143
-1.7187,2.1155
-1.7226,2.1167
-1.7264,2.1180
-1.7302,2.1194
-1.7340,2.1209
-1.7377,2.1225
-1.7414,2.1241
-1.7450,2.1259
-1.7486,2.1277
-1.7522,2.1297
-1.7557,2.1317
-1.7591,2.1338
-1.7625,2.1360
-1.7659,2.1383
-1.7692,2.1406
-1.7724,2.1431
-1.7756,2.1456
-1.7787,2.1482
-1.7818,2.1508
-1.7847,2.1536
-1.7877,2.1564
-1.7905,2.1592
-1.7933,2.1622
-1.7964,2.1645
-1.7996,2.1669
-1.8027,2.1694
-1.8056,2.1719
-1.8085,2.1746
-1.8112,2.1773
-1.8138,2.1802
-1.8138,2.1758
-1.8121,2.1713
-1.8103,2.1715
-1.8085,2.1716
-1.8066,2.1716
-1.8053,2.1704
-1.8041,2.1691
-1.8029,2.1679
-1.8016,2.1668
-1.8003,2.1656
-1.7991,2.1645
-1.7977,2.1634
-1.7964,2.1624
-1.7951,2.1614
-1.7938,2.1604
-1.7924,2.1594
-1.7910,2.1585
-1.7896,2.1576
-1.7882,2.1568
-1.7868,2.1560
-1.7854,2.1552
-1.7839,2.1545
-1.7824,2.1538
-1.7810,2.1532
-1.7795,2.1525
-1.7780,2.1520
-1.7764,2.1514
-1.7749,2.1510
-1.7733,2.1505
-1.7717,2.1501
-1.7701,2.1498
-1.7686,2.1495
-1.7670,2.1493
-1.7654,2.1491
-1.7638,2.1490
-1.7623,2.1490
-1.7607,2.1490
-1.7591,2.1491
-1.7575,2.1493
-1.7560,2.1496
-1.7545,2.1501
-1.7531,2.1507
-1.7517,2.1514
-1.7503,2.1523
-1.7489,2.1533
-1.7476,2.1544
-1.7465,2.1557
-1.7454,2.1571
-1.7441,2.1586
-1.7431,2.1601
-1.7421,2.1617
-1.7385,2.1595
-1.7349,2.1569
-1.7295,2.1544
-1.7256,2.1517
-1.7220,2.1490
-1.7185,2.1463
-1.7132,2.1435
-1.7093,2.1408
-1.7040,2.1380
-1.7002,2.1352
-1.6968,2.1323
-1.6915,2.1292
-1.6879,2.1264
-1.6827,2.1232
-1.6791,2.1203
-1.6758,2.1173
-1.6767,2.1167
-1.6807,2.1175
-1.6848,2.1185
-1.6888,2.1195
-1.6928,2.1207
-1.6969,2.1219
-1.7007,2.1232
-1.7045,2.1246
-1.7083,2.1260
-1.7120,2.1276
-1.7157,2.1292
-1.7194,2.1309
-1.7230,2.1327
-1.7266,2.1346
-1.7301,2.1366
-1.7336,2.1386
-1.7370,2.1408
-1.7404,2.1430
-1.7437,2.1454
-1.7470,2.1475
-1.7505,2.1490
-1.7540,2.1507
-1.7574,2.1524
-1.7608,2.1544
-1.7641,2.1564
-1.7673,2.1586
-1.7704,2.1609
-1.7735,2.1633
-1.7764,2.1658
-1.7792,2.1683
-1.7820,2.1710
-1.7846,2.1737
-1.7871,2.1765
-1.7895,2.1794
-1.7918,2.1824
-1.7940,2.1855
-1.7961,2.1886
-1.7981,2.1918
-1.7999,2.1951
-1.8016,2.1985
-1.8024,2.1943
-1.8021,2.1895
-1.8003,2.1890
-1.7985,2.1886
-1.7968,2.1879
-1.7958,2.1863
-1.7948,2.1847
-1.7938,2.1831
-1.7927,2.1815
-1.7916,2.1799
-1.7904,2.1783
-1.7893,2.1769
-1.7882,2.1754
-1.7871,2.1740
-1.7860,2.1726
-1.7849,2.1712
-1.7837,2.1699
-1.7825,2.1686
-1.7813,2.1673
-1.7801,2.1660
-1.7789,2.1647
-1.7777,2.1635
-1.7764,2.1624
-1.7751,2.1612
-1.7739,2.1601
-1.7726,2.1590
-1.7712,2.1579
-1.7699,2.1569
-1.7686,2.1559
-1.7672,2.1550
-1.7657,2.1540
-1.7642,2.1531
-1.7627,2.1522
-1.7612,2.1514
-1.7597,2.1506
-1.7581,2.1499
-1.7565,2.1492
-1.7550,2.1485
-1.7534,2.1479
-1.7518,2.1473
-1.7502,2.1467
-1.7485,2.1463
-1.7469,2.1458
-1.7453,2.1454
-1.7436,2.1451
-1.7420,2.1448
-1.7404,2.1446
-1.7388,2.1445
-1.7371,2.1444
-1.7355,2.1445
-1.7339,2.1446
-1.7324,2.1448
-1.7309,2.1451
-1.7294,2.1455
-1.7279,2.1461
-1.7264,2.1468
-1.7251,2.1476
-1.7237,2.1486
-1.7224,2.1497
-1.7213,2.1510
-1.7201,2.1523
-1.7190,2.1538
-1.7156,2.1518
-1.7121,2.1489
-1.7087,2.1460
-1.7054,2.1431
-1.7004,2.1400
-1.6966,2.1371
-1.6917,2.1340
-1.6880,2.1310
-1.6847,2.1279
-1.6795,2.1246
-1.6744,2.1214
-1.6732,2.1204
-1.6770,2.1213
-1.6810,2.1222
-1.6849,2.1231
-1.6888,2.1242
-1.6927,2.1253
-1.6966,2.1265
-1.7004,2.1279
-1.7042,2.1293
-1.7079,2.1308
-1.7116,2.1324
-1.7153,2.1341
-1.7189,2.1358
-1.7226,2.1377
-1.7262,2.1397
-1.7297,2.1419
-1.7332,2.1436
-1.7371,2.1448
-1.7409,2.1460
-1.7447,2.1474
-1.7484,2.1489
-1.7520,2.1506
-1.7556,2.1524
-1.7590,2.1543
-1.7624,2.1563
-1.7657,2.1585
-1.7689,2.1607
-1.7719,2.1629
-1.7748,2.1655
-1.7776,2.1680
-1.7803,2.1706
-1.7829,2.1733
-1.7854,2.1761
-1.7878,2.1790
-1.7901,2.1820
-1.7923,2.1851
-1.7944,2.1882
-1.7963,2.1914
-1.7982,2.1947
-1.7999,2.1981
-1.8005,2.1939
-1.8001,2.1889
-1.7983,2.1885
-1.7964,2.1882
-1.7946,2.1876
-1.7936,2.1859
-1.7926,2.1844
-1.7916,2.1828
-1.7906,2.1813
-1.7894,2.1797
-1.7883,2.1782
-1.7872,2.1766
-1.7860,2.1751
-1.7848,2.1737
-1.7836,2.1722
-1.7824,2.1708
-1.7811,2.1694
-1.7798,2.1680
-1.7785,2.1667
-1.7773,2.1654
-1.7760,2.1642
-1.7746,2.1630
-1.7733,2.1618
-1.7720,2.1606
-1.7706,2.1595
-1.7692,2.1584
-1.7678,2.1574
-1.7664,2.1563
-1.7649,2.1553
-1.7635,2.1543
-1.7620,2.1534
-1.7605,2.1525
-1.7590,2.1516
-1.7575,2.1508
-1.7559,2.1500
-1.7544,2.1492
-1.7528,2.1485
-1.7512,2.1479
-1.7496,2.1472
-1.7480,2.1466
-1.7464,2.1461
-1.7448,2.1456
-1.7432,2.1452
-1.7415,2.1448
-1.7399,2.1444
-1.7383,2.1442
-1.7366,2.1440
-1.7350,2.1439
-1.7334,2.1438
-1.7318,2.1438
-1.7303,2.1440
-1.7287,2.1442
-1.7272,2.1445
-1.7257,2.1450
-1.7243,2.1456
-1.7229,2.1463
-1.7216,2.1471
-1.7203,2.1481
-1.7191,2.1494
-1.7178,2.1507
-1.7165,2.1521
-1.7131,2.1498
-1.7097,2.1469
-1.7064,2.1439
-1.7013,2.1408
-1.6989,2.1404
-1.6956,2.1378
-1.6924,2.1347
-1.6892,2.1317
-1.6840,2.1285
-1.6817,2.1279
-1.6787,2.1259
-1.6755,2.1229
-1.6762,2.1222
-1.6802,2.1231
-1.6842,2.1241
-1.6882,2.1251
-1.6921,2.1262
-1.6959,2.1274
-1.6998,2.1287
-1.7036,2.1301
-1.7073,2.1316
-1.7110,2.1331
-1.7147,2.1348
-1.7184,2.1365
-1.7220,2.1384
-1.7255,2.1403
-1.7290,2.1422
-1.7326,2.1435
-1.7362,2.1446
-1.7397,2.1458
-1.7431,2.1471
-1.7464,2.1485
-1.7497,2.1501
-1.7529,2.1518
-1.7561,2.1537
-1.7592,2.1557
-1.7622,2.1578
-1.7652,2.1600
-1.7681,2.1624
-1.7709,2.1648
-1.7737,2.1674
-1.7763,2.1700
-1.7788,2.1728
-1.7812,2.1756
-1.7835,2.1786
-1.7857,2.1816
-1.7879,2.1848
-1.7899,2.1880
-1.7918,2.1912
-1.7936,2.1945
-1.7952,2.1979
-1.7968,2.2014
-1.7977,2.1969
-1.7978,2.1924
-1.7960,2.1918
-1.7941,2.1913
-1.7924,2.1904
-1.7915,2.1888
-1.7905,2.1871
-1.7896,2.1855
-1.7886,2.1839
-1.7875,2.1823
-1.7864,2.1807
-1.7853,2.1792
-1.7843,2.1777
-1.7832,2.1762
-1.7821,2.1748
-1.7810,2.1734
-1.7798,2.1720
-1.7787,2.1706
-1.7775,2.1692
-1.7764,2.1679
-1.7752,2.1666
-1.7740,2.1653
-1.7728,2.1641
-1.7715,2.1628
-1.7703,2.1617
-1.7690,2.1605
-1.7677,2.1594
-1.7664,2.1583
-1.7651,2.1572
-1.7638,2.1561
-1.7625,2.1551
-1.7612,2.1542
-1.7598,2.1532
-1.7584,2.1524
-1.7571,2.1515
-1.7557,2.1507
-1.7543,2.1499
-1.7529,2.1492
-1.7515,2.1485
-1.7500,2.1478
-1.7486,2.1472
-1.7470,2.1465
-1.7455,2.1460
-1.7439,2.1455
-1.7423,2.1450
-1.7407,2.1447
-1.7392,2.1443
-1.7376,2.1441
-1.7360,2.1439
-1.7345,2.1437
-1.7330,2.1437
-1.7315,2.1438
-1.7301,2.1439
-1.7286,2.1441
-1.7272,2.1445
-1.7259,2.1450
-1.7245,2.1456
-1.7231,2.1462
-1.7218,2.1471
-1.7207,2.1481
-1.7195,2.1492
-1.7184,2.1504
-1.7173,2.1519
-1.7138,2.1492
-1.7087,2.1462
-1.7049,2.1433
-1.7016,2.1403
-1.6964,2.1371
-1.6940,2.1361
-1.6908,2.1339
-1.6875,2.1309
-1.6843,2.1279
-1.6793,2.1247
-1.6741,2.1215
-1.6728,2.1207
-1.6764,2.1216
-1.6804,2.1226
-1.6844,2.1236
-1.6883,2.1247
-1.6922,2.1258
-1.6961,2.1270
-1.6999,2.1283
-1.7037,2.1297
-1.7074,2.1312
-1.7111,2.1328
-1.7148,2.1344
-1.7184,2.1362
-1.7220,2.1381
-1.7255,2.1402
-1.7290,2.1423
-1.7327,2.1435
-1.7363,2.1446
-1.7401,2.1459
-1.7437,2.1473
-1.7474,2.1488
-1.7509,2.1506
-1.7545,2.1524
-1.7579,2.1544
-1.7612,2.1564
-1.7645,2.1586
-1.7677,2.1610
-1.7708,2.1635
-1.7738,2.1660
-1.7766,2.1687
-1.7794,2.1714
-1.7820,2.1742
-1.7846,2.1772
-1.7870,2.1802
-1.7893,2.1833
-1.7915,2.1864
-1.7936,2.1897
-1.7955,2.1930
-1.7974,2.1963
-1.7991,2.1998
-1.7999,2.1955
-1.7995,2.1912
-1.7978,2.1908
-1.7959,2.1903
-1.7943,2.1895
-1.7933,2.1878
-1.7924,2.1862
-1.7914,2.1847
-1.7905,2.1831
-1.7894,2.1816
-1.7883,2.1800
-1.7872,2.1784
-1.7860,2.1769
-1.7849,2.1754
-1.7838,2.1740
-1.7827,2.1726
-1.7816,2.1712
-1.7804,2.1699
-1.7793,2.1685
-1.7781,2.1672
-1.7769,2.1660
-1.7757,2.1647
-1.7744,2.1635
-1.7732,2.1623
-1.7719,2.1611
-1.7707,2.1600
-1.7694,2.1589
-1.7681,2.1579
-1.7667,2.1568
-1.7654,2.1558
-1.7640,2.1549
-1.7627,2.1539
-1.7613,2.1530
-1.7599,2.1522
-1.7585,2.1513
-1.7571,2.1505
-1.7556,2.1498
-1.7542,2.1491
-1.7527,2.1484
-1.7512,2.1478
-1.7496,2.1471
-1.7481,2.1466
-1.7465,2.1461
-1.7449,2.1456
-1.7433,2.1452
-1.7417,2.1448
-1.7401,2.1445
-1.7385,2.1442
-1.7369,2.1440
-1.7353,2.1439
-1.7337,2.1438
-1.7321,2.1438
-1.7304,2.1439
-1.7289,2.1440
-1.7273,2.1443
-1.7258,2.1447
-1.7244,2.1453
-1.7229,2.1459
-1.7216,2.1468
-1.7203,2.1478
-1.7191,2.1488
-1.7180,2.1501
-1.7168,2.1515
-1.7134,2.1490
-1.7081,2.1460
-1.7044,2.1431
-1.7010,2.1400
-1.6960,2.1369
-1.6935,2.1364
-1.6903,2.1342
-1.6870,2.1312
-1.6838,2.1281
-1.6787,2.1250
-1.6736,2.1217
-1.6724,2.1210
-1.6760,2.1219
-1.6800,2.1228
-1.6839,2.1237
-1.6879,2.1247
-1.6917,2.1259
-1.6956,2.1271
-1.6994,2.1284
-1.7034,2.1299
-1.7072,2.1315
-1.7110,2.1332
-1.7147,2.1349
-1.7183,2.1367
-1.7219,2.1386
-1.7254,2.1405
-1.7289,2.1426
-1.7324,2.1436
-1.7359,2.1447
-1.7395,2.1460
-1.7431,2.1474
-1.7466,2.1490
-1.7500,2.1508
-1.7534,2.1526
-1.7568,2.1546
-1.7600,2.1568
-1.7632,2.1590
-1.7662,2.1613
-1.7692,2.1638
-1.7722,2.1663
-1.7750,2.1690
-1.7777,2.1717
-1.7803,2.1745
-1.7828,2.1774
-1.7852,2.1804
-1.7874,2.1835
-1.7896,2.1867
-1.7916,2.1899
-1.7935,2.1932
-1.7953,2.1966
-1.7970,2.2000
-1.7981,2.1957
-1.7973,2.1916
-1.7955,2.1912
-1.7937,2.1908
-1.7924,2.1896
-1.7915,2.1879
-1.7905,2.1862
-1.7896,2.1847
-1.7886,2.1831
-1.7876,2.1815
-1.7865,2.1799
-1.7854,2.1784
-1.7843,2.1769
-1.7832,2.1754
-1.7821,2.1740
-1.7810,2.1726
-1.7798,2.1712
-1.7787,2.1698
-1.7775,2.1685
-1.7764,2.1672
-1.7753,2.1660
-1.7741,2.1647
-1.7729,2.1635
-1.7716,2.1623
-1.7703,2.1612
-1.7691,2.1600
-1.7678,2.1589
-1.7664,2.1578
-1.7651,2.1568
-1.7638,2.1558
-1.7624,2.1548
-1.7610,2.1539
-1.7596,2.1530
-1.7582,2.1521
-1.7567,2.1512
-1.7553,2.1504
-1.7538,2.1496
-1.7523,2.1489
-1.7508,2.1482
-1.7494,2.1476
-1.7478,2.1469
-1.7462,2.1463
-1.7446,2.1458
-1.7431,2.1453
-1.7415,2.1449
-1.7399,2.1445
-1.7383,2.1442
-1.7367,2.1439
-1.7351,2.1437
-1.7334,2.1435
-1.7318,2.1434
-1.7302,2.1434
-1.7286,2.1434
-1.7270,2.1436
-1.7255,2.1438
-1.7240,2.1442
-1.7225,2.1447
-1.7211,2.1454
-1.7197,2.1461
-1.7186,2.1471
-1.7174,2.1481
-1.7163,2.1493
-1.7152,2.1507
-1.7140,2.1521
-1.7108,2.1497
-1.7074,2.1468
-1.7040,2.1439
-1.7008,2.1409
-1.6955,2.1378
-1.6920,2.1348
-1.6868,2.1317
-1.6832,2.1287
-1.6781,2.1253
-1.6729,2.1221
-1.6717,2.1212
-1.6754,2.1220
-1.6794,2.1228
-1.6833,2.1238
-1.6872,2.1248
-1.6911,2.1259
-1.6950,2.1272
-1.6988,2.1285
-1.7026,2.1299
-1.7063,2.1314
-1.7100,2.1330
-1.7137,2.1346
-1.7174,2.1364
-1.7210,2.1382
-1.7245,2.1402
-1.7280,2.1422
-1.7315,2.1434
-1.7350,2.1444
-1.7384,2.1456
-1.7418,2.1469
-1.7451,2.1484
-1.7484,2.1500
-1.7516,2.1517
-1.7548,2.1535
-1.7578,2.1555
-1.7609,2.1576
-1.7638,2.1599
-1.7667,2.1622
-1.7695,2.1647
-1.7723,2.1673
-1.7750,2.1701
-1.7775,2.1729
-1.7799,2.1757
-1.7823,2.1786
-1.7845,2.1817
-1.7866,2.1849
-1.7886,2.1881
-1.7905,2.1914
-1.7923,2.1947
-1.7940,2.1982
-1.7947,2.1939
-1.7943,2.1899
-1.7925,2.1897
-1.7907,2.1893
-1.7893,2.1880
-1.7884,2.1863
-1.7874,2.1847
-1.7864,2.1832
-1.7854,2.1816
-1.7844,2.1800
-1.7833,2.1784
-1.7822,2.1768
-1.7811,2.1753
-1.7799,2.1739
-1.7787,2.1724
-1.7776,2.1710
-1.7764,2.1696
-1.7751,2.1682
-1.7739,2.1669
-1.7727,2.1656
-1.7715,2.1643
-1.7703,2.1630
-1.7690,2.1618
-1.7677,2.1606
-1.7664,2.1595
-1.7651,2.1583
-1.7638,2.1572
-1.7625,2.1562
-1.7612,2.1552
-1.7598,2.1542
-1.7585,2.1532
-1.7571,2.1523
-1.7557,2.1514
-1.7544,2.1506
-1.7530,2.1498
-1.7516,2.1490
-1.7502,2.1483
-1.7488,2.1476
-1.7473,2.1470
-1.7459,2.1464
-1.7445,2.1459
-1.7431,2.1454
-1.7416,2.1450
-1.7402,2.1446
-1.7388,2.1443
-1.7373,2.1440
-1.7359,2.1438
-1.7345,2.1436
-1.7330,2.1435
-1.7316,2.1435
-1.7302,2.1436
-1.7287,2.1437
-1.7273,2.1439
-1.7258,2.1441
-1.7243,2.1445
-1.7228,2.1450
-1.7213,2.1457
-1.7201,2.1465
-1.7189,2.1474
-1.7177,2.1484
-1.7166,2.1496
-1.7155,2.1510
-1.7122,2.1484
-1.7069,2.1453
-1.7032,2.1424
-1.6982,2.1391
-1.6945,2.1362
-1.6893,2.1330
-1.6858,2.1300
-1.6807,2.1268
-1.6771,2.1237
-1.6740,2.1204
-1.6747,2.1197
-1.6787,2.1207
-1.6826,2.1218
-1.6866,2.1230
-1.6904,2.1243
-1.6942,2.1257
-1.6980,2.1272
-1.7018,2.1288
-1.7055,2.1304
-1.7092,2.1320
-1.7128,2.1338
-1.7164,2.1358
-1.7200,2.1377
-1.7236,2.1397
-1.7271,2.1419
-1.7307,2.1434
-1.7346,2.1445
-1.7384,2.1459
-1.7422,2.1474
-1.7458,2.1490
-1.7494,2.1507
-1.7529,2.1525
-1.7563,2.1544
-1.7596,2.1565
-1.7628,2.1587
-1.7659,2.1609
-1.7689,2.1633
-1.7718,2.1658
-1.7746,2.1684
-1.7773,2.1711
-1.7799,2.1738
-1.7824,2.1767
-1.7847,2.1796
-1.7869,2.1826
-1.7891,2.1857
-1.7911,2.1889
-1.7930,2.1921
-1.7948,2.1955
-1.7965,2.1988
-1.7980,2.2023
-1.7990,2.1982
-1.7990,2.1934
-1.7972,2.1930
-1.7954,2.1926
-1.7938,2.1918
-1.7929,2.1901
-1.7919,2.1885
-1.7910,2.1868
-1.7900,2.1852
-1.7890,2.1836
-1.7880,2.1820
-1.7869,2.1804
-1.7859,2.1789
-1.7847,2.1773
-1.7836,2.1758
-1.7825,2.1743
-1.7813,2.1729
-1.7802,2.1715
-1.7790,2.1701
-1.7778,2.1688
-1.7765,2.1674
-1.7753,2.1661
-1.7740,2.1648
-1.7727,2.1636
-1.7714,2.1623
-1.7701,2.1611
-1.7688,2.1599
-1.7674,2.1588
-1.7660,2.1577
-1.7647,2.1566
-1.7633,2.1555
-1.7619,2.1545
-1.7604,2.1536
-1.7590,2.1526
-1.7576,2.1517
-1.7561,2.1508
-1.7547,2.1500
-1.7532,2.1492
-1.7518,2.1485
-1.7503,2.1478
-1.7488,2.1472
-1.7474,2.1466
-1.7459,2.1461
-1.7444,2.1456
-1.7430,2.1452
-1.7415,2.1448
-1.7401,2.1445
-1.7386,2.1442
-1.7372,2.1441
-1.7358,2.1440
-1.7344,2.1439
-1.7330,2.1440
-1.7316,2.1441
-1.7303,2.1444
-1.7289,2.1447
-1.7276,2.1451
-1.7264,2.1456
-1.7251,2.1463
-1.7239,2.1471
-1.7227,2.1480
-1.7215,2.1490
-1.7204,2.1502
-1.7192,2.1515
-1.7181,2.1530
-1.7147,2.1508
-1.7113,2.1479
-1.7080,2.1450
-1.7029,2.1419
-1.6992,2.1390
-1.6940,2.1358
-1.6905,2.1329
-1.6854,2.1296
-1.6818,2.1267
-1.6767,2.1234
-1.6715,2.1202
-1.6703,2.1194
-1.6740,2.1202
-1.6780,2.1211
-1.6819,2.1220
-1.6859,2.1230
-1.6897,2.1241
-1.6936,2.1253
-1.6974,2.1266
-1.7012,2.1280
-1.7050,2.1295
-1.7087,2.1311
-1.7124,2.1328
-1.7160,2.1346
-1.7196,2.1365
-1.7232,2.1385
-1.7267,2.1406
-1.7301,2.1427
-1.7337,2.1440
-1.7373,2.1452
-1.7409,2.1466
-1.7444,2.1481
-1.7479,2.1498
-1.7513,2.1516
-1.7547,2.1535
-1.7579,2.1556
-1.7611,2.1578
-1.7643,2.1601
-1.7673,2.1625
-1.7702,2.1651
-1.7731,2.1677
-1.7758,2.1705
-1.7784,2.1733
-1.7809,2.1763
-1.7832,2.1791
-1.7854,2.1822
-1.7875,2.1853
-1.7895,2.1884
-1.7914,2.1917
-1.7931,2.1950
-1.7948,2.1983
-1.7956,2.1939
-1.7951,2.1894
-1.7934,2.1889
-1.7915,2.1885
-1.7902,2.1874
-1.7892,2.1858
-1.7882,2.1842
-1.7871,2.1826
-1.7861,2.1810
-1.7851,2.1795
-1.7840,2.1780
-1.7829,2.1765
-1.7818,2.1751
-1.7807,2.1736
-1.7795,2.1722
-1.7783,2.1708
-1.7771,2.1694
-1.7759,2.1681
-1.7746,2.1668
-1.7734,2.1655
-1.7721,2.1642
-1.7708,2.1629
-1.7695,2.1617
-1.7681,2.1605
-1.7668,2.1593
-1.7654,2.1582
-1.7640,2.1571
-1.7626,2.1560
-1.7611,2.1550
-1.7597,2.1540
-1.7582,2.1530
-1.7568,2.1521
-1.7553,2.1512
-1.7538,2.1503
-1.7523,2.1495
-1.7508,2.1487
-1.7493,2.1480
-1.7478,2.1473
-1.7463,2.1467
-1.7448,2.1461
-1.7433,2.1455
-1.7418,2.1451
-1.7403,2.1446
-1.7388,2.1443
-1.7371,2.1439
-1.7356,2.1437
-1.7341,2.1436
-1.7326,2.1435
-1.7311,2.1435
-1.7296,2.1436
-1.7282,2.1437
-1.7268,2.1440
-1.7254,2.1444
-1.7240,2.1449
-1.7226,2.1455
-1.7212,2.1463
-1.7200,2.1472
-1.7188,2.1482
-1.7176,2.1494
-1.7165,2.1507
-1.7153,2.1521
-1.7120,2.1497
-1.7086,2.1467
-1.7052,2.1438
-1.6999,2.1407
-1.6964,2.1377
-1.6931,2.1347
-1.6883,2.1314
-1.6857,2.1307
-1.6824,2.1284
-1.6792,2.1253
-1.6760,2.1222
-1.6768,2.1216
-1.6807,2.1225
-1.6846,2.1235
-1.6885,2.1246
-1.6924,2.1257
-1.6962,2.1270
-1.7000,2.1284
-1.7038,2.1298
-1.7075,2.1314
-1.7112,2.1330
-1.7149,2.1348
-1.7185,2.1366
-1.7221,2.1385
-1.7256,2.1406
-1.7291,2.1427
-1.7328,2.1438
-1.7364,2.1450
-1.7400,2.1463
-1.7435,2.1478
-1.7470,2.1494
-1.7504,2.1512
-1.7537,2.1531
-1.7569,2.1551
-1.7601,2.1573
-1.7632,2.1596
-1.7662,2.1620
-1.7690,2.1645
-1.7718,2.1671
-1.7745,2.1698
-1.7771,2.1726
-1.7795,2.1754
-1.7819,2.1784
-1.7841,2.1814
-1.7862,2.1845
-1.7882,2.1876
-1.7901,2.1909
-1.7918,2.1942
-1.7935,2.1976
-1.7951,2.2010
-1.7965,2.2045
-1.7976,2.2001
-1.7978,2.1956
-1.7961,2.1950
-1.7943,2.1944
-1.7926,2.1935
-1.7917,2.1917
-1.7908,2.1900
-1.7898,2.1883
-1.7889,2.1866
-1.7878,2.1850
-1.7868,2.1834
-1.7858,2.1817
-1.7847,2.1801
-1.7836,2.1785
-1.7825,2.1771
-1.7814,2.1756
-1.7803,2.1741
-1.7791,2.1727
-1.7780,2.1713
-1.7768,2.1700
-1.7756,2.1686
-1.7744,2.1673
-1.7731,2.1660
-1.7719,2.1647
-1.7706,2.1635
-1.7693,2.1623
-1.7679,2.1611
-1.7666,2.1599
-1.7652,2.1588
-1.7639,2.1577
-1.7625,2.1566
-1.7611,2.1556
-1.7597,2.1546
-1.7582,2.1536
-1.7568,2.1527
-1.7553,2.1518
-1.7538,2.1509
-1.7523,2.1500
-1.7507,2.1492
-1.7492,2.1485
-1.7477,2.1478
-1.7461,2.1471
-1.7445,2.1464
-1.7429,2.1458
-1.7413,2.1453
-1.7397,2.1448
-1.7381,2.1443
-1.7364,2.1439
-1.7348,2.1436
-1.7332,2.1433
-1.7315,2.1430
-1.7299,2.1429
-1.7283,2.1428
-1.7267,2.1428
-1.7251,2.1428
-1.7235,2.1430
-1.7220,2.1433
-1.7205,2.1437
-1.7191,2.1442
-1.7176,2.1449
-1.7163,2.1457
-1.7151,2.1467
-1.7140,2.1478
-1.7129,2.1490
-1.7118,2.1503
-1.7084,2.1477
-1.7050,2.1447
-1.6999,2.1417
